text,href
The4Codex,https://www.4codex.com/
Home,https://www.4codex.com
Trending,https://www.4codex.com/search/label/%232024Trends
_Technology Trends,https://www.4codex.com/search/label/TechTrends
_Programming Tutorials,https://www.4codex.com/search/label/Programming
_Cybersecurity Insights,https://www.4codex.com/search/label/%23Cybersecurity
_Forex Trading  & Cryptocurrency,https://www.4codex.com/search/label/Cryptocurrency?m=1
Tutorials,https://www.4codex.com/search/label/%234codex
_Programming,https://www.4codex.com/search/label/Programming
_Ethical Hacking,https://www.4codex.com/search/label/%23EthicalHacking
Contact Us,http://www.4codex.com/p/contact-us.html
About Us,https://www.4codex.com/p/about-us.html
"#2024TrendsInnovating the Future: The Untold Story of Software DevelopmentThe4Codex-May 11, 2024",https://www.4codex.com/2024/05/innovating-future-untold-story-of.html
Unlocking the Secrets of Debugging and Troubleshooting: Your Epic Quest to Code Mastery,https://www.4codex.com/2024/05/unlocking-secrets-of-debugging-and.html
The Evolution of Cyber Security Programming: Trends and Best Practices in 2024,https://www.4codex.com/2024/05/the-evolution-of-cyber-security.html
View all,/search
#AffiliateMarketing,https://www.4codex.com/2024/12/how-to-sell-digital-products-step-by.html
How to Sell Digital Products: A Step-by-Step Guide,https://www.4codex.com/2024/12/how-to-sell-digital-products-step-by.html
#4codex,https://www.4codex.com/2024/12/what-is-affiliate-marketing.html
What is Affiliate Marketing?,https://www.4codex.com/2024/12/what-is-affiliate-marketing.html
#AffiliateMarketing,https://www.4codex.com/2024/12/what-is-influencer-marketing.html
What is Influencer Marketing?,https://www.4codex.com/2024/12/what-is-influencer-marketing.html
#AffiliateMarketing,https://www.4codex.com/2024/12/best-ways-to-make-money-with-social.html
Best Ways to Make Money with Social Media in 2025,https://www.4codex.com/2024/12/best-ways-to-make-money-with-social.html
#2024Trends,https://www.4codex.com/2024/06/how-ai-is-transforming-environmental.html
How AI is Transforming Environmental Conservation,https://www.4codex.com/2024/06/how-ai-is-transforming-environmental.html
#2024Trends,https://www.4codex.com/2024/05/innovating-future-untold-story-of.html
Innovating the Future: The Untold Story of Software Development,https://www.4codex.com/2024/05/innovating-future-untold-story-of.html
#2024Trends,https://www.4codex.com/2024/05/the-evolution-of-cyber-security.html
The Evolution of Cyber Security Programming: Trends and Best Practices in 2024,https://www.4codex.com/2024/05/the-evolution-of-cyber-security.html
Load More,#
"#2024TrendsInnovating the Future: The Untold Story of Software DevelopmentThe4Codex-May 11, 2024",https://www.4codex.com/2024/05/innovating-future-untold-story-of.html
Mastering the Market - Insider Tips and Strategies for Successful Trading like a Pro!,https://www.4codex.com/2024/05/mastering-market-insider-tips-and.html
Exploring the Cutting Edge: Trending Technologies of 2024,https://www.4codex.com/2024/05/trending-technologies-2024.html
Unlocking the Secrets of Debugging and Troubleshooting: Your Epic Quest to Code Mastery,https://www.4codex.com/2024/05/unlocking-secrets-of-debugging-and.html
TechTrends(11),https://www.4codex.com/search/label/TechTrends
Technology(10),https://www.4codex.com/search/label/Technology
AI(5),https://www.4codex.com/search/label/AI
QuantumComputing(5),https://www.4codex.com/search/label/QuantumComputing
TechRevolution(4),https://www.4codex.com/search/label/TechRevolution
Programming(3),https://www.4codex.com/search/label/Programming
Software(3),https://www.4codex.com/search/label/Software
#Cybersecurity(2),https://www.4codex.com/search/label/%23Cybersecurity
#EthicalHacking(2),https://www.4codex.com/search/label/%23EthicalHacking
Forex-Trading(1),https://www.4codex.com/search/label/Forex-Trading
Troubleshooting(1),https://www.4codex.com/search/label/Troubleshooting
robotics(1),https://www.4codex.com/search/label/robotics
"#AffiliateMarketingHow to Sell Digital Products: A Step-by-Step GuideThe4Codex-December 27, 2024",https://www.4codex.com/2024/12/how-to-sell-digital-products-step-by.html
Whitehathackerpro,http://www.4codex.com/
Premium Blogger Templates,https://probloggertemplates.co/
Home,http://www.4codex.com/
About Us,http://www.4codex.com/p/about-us.html
Privacy Policy,http://www.4codex.com/p/privacy-policy.html
Contact Us,http://www.4codex.com/p/contact-us.html
